i1,i2,i3,i4,i5,d1,d2,d3,d4,d5,sentence
341,137,115,384,308,0.13255173,0.13674676,0.1625796,0.17551684,0.18686306,このクラスタは、AI技術が環境保護や持続可能な開発、さらには自然災害の予測と対応において果たす重要な役割に関する意見を集約しています。
341,308,137,318,157,0.17610735,0.1878388,0.18804371,0.20192641,0.20917189,参加者は、AIがエネルギー管理の最適化や環境モニタリングの精度向上、災害時の迅速な対応を可能にすることで、持続可能な社会の構築や災害リスクの軽減に寄与することを期待しています。
201,244,334,15,115,0.07731336,0.10634738,0.10847795,0.12392527,0.13238996,特に、AIの技術革新が環境問題解決に向けた新たな手法を提供することへの前向きな姿勢が示されています。
112,307,342,167,339,0.14650446,0.14824283,0.14848113,0.15141052,0.1515863,このクラスタは、AI技術が企業の業務効率化、サービス向上、マーケティング戦略の最適化、そしてデータ解析を通じた意思決定支援において果たす重要な役割を集約しています。
312,288,127,387,234,0.16187072,0.17081177,0.17859292,0.18080646,0.18746895,参加者は、AIの導入が業務プロセスの最適化やパーソナライズドサービスの提供を実現し、ビッグデータ解析や金融市場におけるリスク管理の革新を促進することに期待を寄せています。
144,9,252,192,177,0.10993552,0.13397783,0.1486907,0.15226126,0.15992272,また、AIの進化が企業の競争戦略や国際ビジネスに与える影響についても言及されており、AIが新たなビジネスモデルの形成に寄与する可能性が示唆されています。
89,77,34,188,63,0.13932538,0.14208359,0.18102688,0.18928862,0.20331132,このクラスタは、AI技術の発展に伴う倫理的な問題、透明性の確保、社会的責任に関する意見を集約しています。
188,10,50,12,369,0.14990169,0.19734061,0.20942217,0.22401333,0.22547823,参加者は、AIの判断基準の透明性や不正利用への対策、法整備とプライバシー保護の重要性を強調し、AIの利用がもたらす効率化と新たな課題についても考慮しています。
211,107,77,155,254,0.13964885,0.17174464,0.17188722,0.17665875,0.18026912,また、AIアルゴリズムの社会的公平性や外部監査の必要性、倫理的な教育や啓蒙活動の重要性が指摘されており、AIが社会問題解決に向けた革新的なアプローチを提供することへの期待も表明されています。
325,316,364,296,394,0.10254747,0.122297645,0.1376934,0.1419707,0.14682382,このクラスタは、AI技術が医療分野における革新や予防医学の推進、さらには日常生活における利便性の向上に寄与する意見を集約しています。
364,227,96,296,203,0.06987506,0.09051585,0.094207644,0.09617978,0.105365634,特に、AIが健康管理のパーソナライズ化やリモート医療の発展を促進し、医療診断の精度向上や介護支援において重要な役割を果たすことが期待されています。
11,108,258,344,141,0.16694432,0.18096066,0.20766968,0.2227825,0.22628891,また、AIは日常生活においても音声認識技術を通じて便利さを提供し、リモートワーク環境の効率化や生産性向上にも寄与することが強調されています。
101,180,285,399,354,0.16246176,0.17635858,0.20496786,0.20824367,0.21068954,このクラスタは、AI技術が都市生活の質を向上させるための多様な役割に関する意見を集約しています。
91,378,261,390,326,0.13499391,0.13558525,0.14016724,0.14036143,0.14703703,自動運転技術や公共交通システムの効率化、スマートシティの実現に向けたAIの重要性が強調されており、AIが交通安全や公共サービスの質向上、防犯対策に寄与することへの期待が表れています。
101,285,354,378,261,0.116788566,0.12975776,0.13709342,0.147605,0.14786881,参加者は、AI技術が都市のインフラや生活環境を革新し、より安全で効率的な社会を実現するための鍵となると認識しています。
181,291,5,81,94,0.15566695,0.16348076,0.16591066,0.17073292,0.18846703,このクラスタは、AI技術が教育、科学研究、創造性の向上において果たす重要な役割を集約しています。
8,257,190,391,320,0.08409029,0.090227365,0.10633457,0.11936653,0.14034063,AIは個別最適化学習を実現し、教育現場での学習効果を向上させるだけでなく、研究開発のプロセスを加速し、新たな発見を促進する力を持っています。
90,74,159,42,287,0.08856046,0.10556805,0.11681205,0.117795765,0.12581354,また、AIはエンターテイメントや文化・芸術の分野においても革新をもたらし、個別化された体験や新しい表現手法を提供することが期待されています。
380,349,290,78,370,0.12420249,0.14263958,0.15338641,0.15431577,0.15489328,このクラスタは、AI技術が製造業、物流、農業などの産業界において効率化や生産性向上を促進し、ビジネスプロセスの変革をもたらす可能性についての意見を集約しています。
192,215,225,82,249,0.10792434,0.11177814,0.1315949,0.14477491,0.14666224,参加者は、AIの導入が業界全体の競争力を高め、デジタルトランスフォーメーションを加速させることを期待しており、AI技術が新たな市場や雇用を創出する力を持つと認識しています。
43,242,198,299,87,0.18622696,0.18875128,0.19573617,0.21353084,0.21987987,また、教育やスキルの再構築が必要であるとの意見もあり、AI技術の進展が社会全体に与える影響についての多角的な視点が示されています。
